index,n_filters_detected,n_filters_characterized
0,0,2
1,0,2
2,--,--
3,--,--
4,0,2
5,--,--
6,0,2
7,--,--
8,0,2
9,--,--
10,--,--
11,0,2
12,0,2
13,0,2
14,--,--
15,0,2
16,0,2
17,--,--
18,0,2
19,--,--
20,0,2
21,0,2
22,0,2
23,0,2
24,0,2
25,0,2
26,0,2
27,0,2
28,0,2
29,0,2
30,--,--
31,0,2
32,--,--
33,0,2
34,0,2
35,0,2
36,0,2
37,0,2
38,0,2
39,0,2
40,0,2
41,0,2
42,--,--
43,--,--
44,--,--
45,--,--
46,--,--
47,0,2
48,0,2
49,0,2
50,--,--
51,--,--
52,0,2
53,--,--
54,--,--
55,0,2
56,0,2
57,--,--
58,--,--
59,0,2
60,0,2
61,--,--
62,0,2
63,0,2
64,0,2
65,0,2
66,0,2
67,0,2
68,0,2
69,--,--
70,0,2
71,0,2
72,0,2
73,0,2
74,0,2
75,0,2
76,0,2
77,0,2
78,--,--
79,--,--
80,--,--
81,--,--
82,0,2
83,0,2
84,0,2
85,0,2
86,0,2
87,0,2
88,0,2
89,0,2
90,--,--
91,--,--
92,--,--
93,0,2
94,0,2
95,0,2
96,--,--
97,0,2
98,0,2
99,0,2
100,--,--
101,0,2
102,0,2
103,0,2
104,0,2
105,0,2
106,0,2
107,0,2
108,0,2
109,0,2
110,--,--
111,0,2
112,0,2
113,0,2
114,0,2
115,0,2
116,--,--
117,0,2
118,--,--
119,--,--
120,0,2
121,0,2
122,0,2
123,0,2
124,0,2
125,0,2
126,--,--
127,0,2
128,--,--
129,0,2
130,--,--
131,0,2
132,0,2
133,0,2
134,--,--
135,0,2
136,--,--
137,0,2
138,--,--
139,0,2
140,--,--
141,0,2
142,1,2
143,0,2
144,0,2
145,0,2
146,--,--
147,0,2
148,0,2
149,--,--
150,0,2
151,0,2
152,--,--
153,--,--
154,0,2
155,0,2
156,--,--
157,0,2
158,--,--
159,--,--
160,--,--
161,0,2
162,0,2
163,0,2
164,0,2
165,0,2
166,--,--
167,0,2
168,0,2
169,0,2
170,0,2
171,0,2
172,0,2
173,--,--
174,0,0
175,0,2
176,0,2
177,--,--
178,--,--
179,--,--
180,0,2
181,--,--
182,0,2
183,0,2
184,--,--
185,0,2
186,0,2
187,0,2
188,0,2
189,0,2
190,--,--
191,0,2
192,0,2
193,--,--
194,0,2
195,--,--
196,0,2
197,0,2
198,0,2
199,--,--
200,0,2
201,--,--
202,0,2
203,0,2
204,0,2
205,0,2
206,0,2
207,0,2
208,0,2
209,--,--
210,0,2
211,0,2
212,0,2
213,0,2
214,0,2
215,0,2
216,0,2
217,--,--
218,0,2
219,0,2
220,--,--
221,0,2
222,0,2
223,--,--
224,--,--
225,--,--
226,0,2
227,0,2
228,--,--
229,--,--
230,0,2
231,0,2
232,0,2
233,0,2
234,--,--
235,0,2
236,0,2
237,0,2
238,0,2
239,0,2
240,0,2
241,0,2
242,--,--
243,0,2
244,0,2
245,0,2
246,0,2
247,0,2
248,0,2
249,0,2
250,0,2
251,0,0
252,0,2
253,0,2
254,0,2
255,0,2
256,0,2
257,0,2
258,0,2
259,0,2
260,--,--
261,--,--
262,--,--
263,0,2
264,0,2
265,0,2
266,0,2
267,0,2
268,0,2
269,0,2
270,0,2
271,0,2
272,--,--
273,0,2
274,--,--
275,0,2
276,0,2
277,0,2
278,0,2
279,0,2
280,0,2
281,0,2
282,0,2
283,0,2
284,--,--
285,0,2
286,0,2
287,0,2
288,0,2
289,0,2
290,0,2
291,--,--
292,0,2
293,0,2
294,0,2
295,--,--
296,--,--
297,--,--
298,0,2
299,--,--
300,0,2
301,--,--
302,0,2
303,0,2
304,0,2
305,0,2
306,0,2
307,0,2
308,0,2
309,--,--
310,0,2
311,--,--
312,0,2
313,--,--
314,0,2
315,--,--
316,0,2
317,0,2
318,0,2
319,0,2
320,0,2
321,--,--
322,--,--
323,--,--
324,0,2
325,0,2
326,--,--
327,--,--
328,0,2
329,--,--
330,1,2
331,--,--
332,--,--
333,0,2
334,0,2
335,0,2
336,0,2
337,--,--
338,0,2
339,--,--
340,--,--
341,0,2
342,0,2
343,--,--
344,0,2
345,0,2
346,0,2
347,0,2
348,0,2
349,0,2
350,0,2
351,0,2
352,0,2
353,0,2
354,--,--
355,0,2
356,0,2
357,--,--
358,0,2
359,0,2
360,0,2
361,0,2
362,0,2
363,--,--
364,--,--
365,0,2
366,0,2
367,0,2
368,0,2
369,0,2
370,--,--
371,--,--
372,0,2
373,--,--
374,0,2
375,0,2
376,--,--
377,0,2
378,--,--
379,--,--
380,--,--
381,0,2
382,0,2
383,--,--
384,--,--
385,0,2
386,--,--
387,0,2
388,0,2
389,--,--
390,0,2
391,0,2
392,--,--
393,--,--
394,--,--
395,0,2
396,--,--
397,0,2
398,0,2
399,0,2
400,--,--
401,--,--
402,--,--
403,0,2
404,0,2
405,0,2
406,0,2
407,0,2
408,0,2
409,--,--
410,0,2
411,0,0
412,0,2
413,1,2
414,0,2
415,0,2
416,0,2
417,0,2
418,0,2
419,0,2
420,0,2
421,0,2
422,0,2
423,0,2
424,0,2
425,0,2
426,0,2
427,0,2
428,--,--
429,0,2
430,0,2
431,0,2
432,0,2
433,0,2
434,--,--
435,0,2
436,0,2
437,0,2
438,0,2
439,0,2
440,0,2
441,0,2
442,--,--
443,--,--
444,--,--
445,0,2
446,--,--
447,0,2
448,0,2
449,--,--
450,0,2
451,--,--
452,--,--
453,0,2
454,0,2
455,0,2
456,--,--
457,--,--
458,0,2
459,0,2
460,0,2
461,0,2
462,0,2
463,0,2
464,0,2
465,--,--
466,0,2
467,0,2
468,0,2
469,--,--
470,0,2
471,0,2
472,0,2
473,--,--
474,0,2
475,0,2
476,--,--
477,--,--
478,0,2
479,0,2
480,0,2
481,0,2
482,--,--
483,0,2
484,0,2
485,0,2
486,0,2
487,0,2
488,--,--
489,0,2
490,--,--
491,0,2
492,0,2
493,0,2
494,0,2
495,0,2
496,0,2
497,--,--
498,0,2
499,0,2
500,0,2
501,0,2
502,--,--
503,0,2
504,--,--
505,--,--
506,0,2
507,0,2
508,0,2
509,--,--
510,0,2
511,0,2
512,0,0
513,--,--
514,0,2
515,0,2
516,--,--
517,0,2
518,--,--
519,0,2
520,0,2
521,--,--
522,0,2
523,0,2
524,0,2
525,0,2
526,--,--
527,0,2
528,0,2
529,0,2
530,--,--
531,0,2
532,--,--
533,--,--
534,0,2
535,--,--
536,0,2
537,0,2
538,0,2
539,--,--
540,--,--
541,--,--
542,--,--
543,0,2
544,--,--
545,--,--
546,0,2
547,0,2
548,0,2
549,--,--
550,0,2
551,--,--
552,0,2
553,0,2
554,0,2
555,0,2
556,--,--
557,0,2
558,--,--
559,0,2
560,--,--
561,--,--
562,0,2
563,0,2
564,0,2
565,0,2
566,--,--
567,0,2
568,0,2
569,--,--
570,0,2
571,0,2
572,0,2
573,--,--
574,--,--
575,0,2
576,0,2
577,0,2
578,0,2
579,1,2
580,--,--
581,0,2
582,0,2
583,--,--
584,0,2
585,--,--
586,0,2
587,0,2
588,--,--
589,--,--
590,--,--
591,0,2
592,--,--
593,0,2
594,0,2
595,0,2
596,0,2
597,0,2
598,0,2
599,--,--
600,--,--
601,--,--
602,0,2
603,--,--
604,0,2
605,0,2
606,--,--
607,0,2
608,0,2
609,0,2
610,0,2
611,--,--
612,0,2
613,0,2
614,0,2
615,0,2
616,--,--
617,--,--
618,--,--
619,--,--
620,0,2
621,--,--
622,0,2
623,0,2
624,--,--
625,0,2
626,--,--
627,--,--
628,--,--
629,0,2
630,0,2
631,0,2
632,0,2
633,0,2
634,--,--
635,--,--
636,--,--
637,0,2
638,0,2
639,0,2
640,0,2
641,0,2
642,0,2
643,0,2
644,0,2
645,0,2
646,0,2
647,0,2
648,--,--
649,0,2
650,--,--
651,0,2
652,0,2
653,0,2
654,0,2
655,0,2
656,--,--
657,--,--
658,0,2
659,0,2
660,--,--
661,0,2
662,0,2
663,--,--
664,0,2
665,0,2
666,0,2
667,0,2
668,0,2
669,--,--
670,0,2
671,--,--
672,--,--
673,0,2
674,0,2
675,0,2
676,0,2
677,0,2
678,--,--
679,0,2
680,--,--
681,0,2
682,0,2
683,0,2
684,0,2
685,0,2
686,0,2
687,--,--
688,0,2
689,0,2
690,0,2
691,0,2
692,0,2
693,0,2
694,0,2
695,0,2
696,0,2
697,0,2
698,0,2
699,0,2
700,0,2
701,0,2
702,0,2
703,--,--
704,--,--
705,0,2
706,0,2
707,--,--
708,--,--
709,0,2
710,0,2
711,0,2
712,0,2
713,0,2
714,--,--
715,--,--
716,0,2
717,0,2
718,0,2
719,0,2
720,0,2
721,0,2
722,--,--
723,--,--
724,--,--
725,0,2
726,0,2
727,0,2
728,0,2
729,0,2
730,0,2
731,--,--
732,0,2
733,1,2
734,0,2
735,--,--
736,0,2
737,0,2
738,0,2
739,--,--
740,--,--
741,0,2
742,--,--
743,0,2
744,0,2
745,0,2
746,0,2
747,--,--
748,0,2
749,0,2
750,--,--
751,--,--
752,0,2
753,0,2
754,--,--
755,0,2
756,--,--
757,0,2
758,--,--
759,0,2
760,0,2
761,0,2
762,0,2
763,--,--
764,--,--
765,0,2
766,0,2
767,0,2
768,0,2
769,0,2
770,--,--
771,--,--
772,0,2
773,0,2
774,0,2
775,0,2
776,0,2
777,0,2
778,0,2
779,0,2
780,--,--
781,0,2
782,0,2
783,0,2
784,--,--
785,0,2
786,0,2
787,0,2
788,0,2
789,0,2
790,--,--
791,0,2
792,0,2
793,0,2
794,--,--
795,--,--
796,--,--
797,0,2
798,--,--
799,--,--
800,0,2
801,0,2
802,--,--
803,0,2
804,0,2
805,0,2
806,0,2
807,0,2
808,0,2
809,--,--
810,0,2
811,0,2
812,0,2
813,0,2
814,--,--
815,0,2
816,0,2
817,0,2
818,--,--
819,0,2
820,--,--
821,0,2
822,0,2
823,--,--
824,0,2
825,--,--
826,0,2
827,0,2
828,--,--
829,--,--
830,0,2
831,--,--
832,--,--
833,0,2
834,0,2
835,--,--
836,0,2
837,0,2
838,--,--
839,0,2
840,0,2
841,0,2
842,0,2
843,--,--
844,0,2
845,0,2
846,--,--
847,0,2
848,--,--
849,0,2
850,0,2
851,0,2
852,0,2
853,0,2
854,--,--
855,--,--
856,--,--
857,0,2
858,0,2
859,--,--
860,0,2
861,--,--
862,0,2
863,0,2
864,--,--
865,0,2
866,0,2
867,--,--
868,0,2
869,0,2
870,0,2
871,0,2
872,0,2
873,--,--
874,--,--
875,--,--
876,--,--
877,0,2
878,--,--
879,0,2
880,0,2
881,--,--
882,--,--
883,0,2
884,0,2
885,0,2
886,0,2
887,0,2
888,0,2
889,0,2
890,0,2
891,0,2
892,0,2
893,--,--
894,0,2
895,--,--
896,0,2
897,0,2
898,--,--
899,0,2
900,0,2
901,0,2
902,0,2
903,0,2
904,0,2
905,0,2
906,0,2
907,0,2
908,0,2
909,--,--
910,0,2
911,0,2
912,0,2
913,0,2
914,0,2
915,0,2
916,0,2
917,--,--
918,--,--
919,0,2
920,0,2
921,0,2
922,--,--
923,--,--
924,0,2
925,0,2
926,1,2
927,--,--
928,--,--
929,0,2
930,--,--
931,0,2
932,0,2
933,--,--
934,0,2
935,0,2
936,--,--
937,0,2
938,--,--
939,0,2
940,--,--
941,0,2
942,0,2
943,0,2
944,0,2
945,0,2
946,--,--
947,0,2
948,0,2
949,0,2
950,0,2
951,--,--
952,--,--
953,0,2
954,--,--
955,--,--
956,--,--
957,0,2
958,0,2
959,0,2
960,--,--
961,--,--
962,0,2
963,0,2
964,--,--
965,--,--
966,0,2
967,0,2
968,0,2
969,0,2
970,0,2
971,--,--
972,--,--
973,0,2
974,1,2
975,0,2
976,0,2
977,0,2
978,0,2
979,0,2
980,0,2
981,0,2
982,--,--
983,0,2
984,0,2
985,--,--
986,0,2
987,0,2
988,0,2
989,0,2
990,0,2
991,0,2
992,0,2
993,0,2
994,0,2
995,0,2
996,0,2
997,0,2
998,--,--
999,0,2
1000,0,2
1001,0,2
1002,0,2
1003,--,--
1004,0,2
1005,0,2
1006,--,--
1007,0,2
1008,--,--
1009,0,2
1010,0,2
1011,0,2
1012,0,2
1013,0,2
1014,--,--
1015,0,2
1016,0,2
1017,0,2
1018,0,2
1019,0,2
1020,--,--
1021,0,2
1022,0,2
1023,0,2
1024,0,2
1025,0,2
1026,--,--
1027,0,2
1028,0,2
1029,--,--
1030,0,2
1031,--,--
1032,0,2
1033,0,2
1034,--,--
1035,0,2
1036,1,2
1037,0,2
1038,0,2
1039,0,2
1040,0,2
1041,0,2
1042,0,2
1043,0,2
1044,0,2
1045,0,2
1046,0,2
1047,0,2
1048,0,2
1049,0,2
1050,0,2
1051,0,2
1052,0,2
1053,--,--
1054,--,--
1055,0,2
1056,--,--
1057,--,--
1058,0,2
1059,0,2
1060,0,2
1061,--,--
1062,0,2
1063,0,2
1064,0,2
1065,--,--
1066,0,2
1067,0,2
1068,0,2
1069,0,2
1070,--,--
1071,--,--
1072,0,2
1073,0,2
1074,0,2
1075,0,2
1076,--,--
1077,--,--
1078,0,2
1079,0,2
1080,0,2
1081,0,2
1082,0,2
1083,0,2
1084,0,2
1085,--,--
1086,0,2
1087,0,2
1088,0,2
1089,0,2
1090,0,2
1091,--,--
1092,--,--
1093,0,2
1094,--,--
1095,--,--
1096,0,2
1097,0,2
1098,0,2
1099,0,2
1100,--,--
1101,--,--
1102,0,2
1103,0,2
1104,--,--
1105,0,2
1106,0,2
1107,--,--
1108,0,2
1109,0,2
1110,0,2
1111,0,2
1112,--,--
1113,0,2
1114,0,2
1115,0,2
1116,1,2
1117,0,2
1118,0,2
1119,--,--
1120,0,2
1121,--,--
1122,0,2
1123,0,2
1124,--,--
1125,0,2
1126,0,2
1127,--,--
1128,0,2
1129,0,2
1130,0,2
1131,0,2
1132,0,2
1133,--,--
1134,0,2
1135,0,2
1136,0,2
1137,0,2
1138,0,2
1139,0,2
1140,0,2
1141,0,2
1142,0,2
1143,0,2
1144,--,--
1145,0,2
1146,0,2
1147,--,--
1148,0,2
1149,0,2
1150,0,2
1151,0,2
1152,0,2
1153,0,2
1154,0,2
1155,0,2
1156,--,--
1157,--,--
1158,0,2
1159,0,2
1160,0,2
1161,--,--
1162,0,2
1163,0,2
1164,0,2
1165,0,2
1166,0,2
1167,0,2
1168,0,2
1169,0,2
1170,--,--
1171,0,0
1172,0,2
1173,0,2
1174,0,2
1175,--,--
1176,--,--
1177,0,2
1178,--,--
1179,0,2
1180,0,2
1181,0,2
1182,0,2
1183,0,2
1184,0,2
1185,--,--
1186,0,2
1187,--,--
1188,--,--
1189,0,2
1190,--,--
1191,0,2
1192,0,2
1193,0,2
1194,0,2
1195,--,--
1196,0,2
1197,0,2
1198,0,2
1199,0,2
1200,--,--
1201,0,2
1202,--,--
1203,0,2
1204,--,--
1205,0,2
1206,0,2
1207,0,2
1208,0,2
1209,--,--
1210,0,2
1211,0,2
1212,--,--
1213,0,2
1214,0,2
1215,--,--
1216,0,2
1217,--,--
1218,0,2
1219,--,--
1220,0,2
1221,0,2
1222,0,2
1223,--,--
1224,0,2
1225,--,--
1226,0,2
1227,0,2
1228,--,--
1229,0,2
1230,0,2
1231,--,--
1232,0,2
1233,0,2
1234,0,2
1235,0,2
1236,0,2
1237,0,2
1238,0,2
1239,0,2
1240,0,2
1241,0,2
1242,0,2
1243,0,2
1244,0,2
1245,--,--
1246,0,2
1247,0,2
1248,1,2
1249,0,2
1250,--,--
1251,--,--
1252,--,--
1253,0,2
1254,2,2
1255,0,2
1256,0,2
1257,0,2
1258,0,2
1259,0,2
1260,--,--
1261,0,2
1262,0,2
1263,--,--
1264,--,--
1265,0,2
1266,0,2
1267,0,2
1268,0,2
1269,0,2
1270,0,2
1271,0,2
1272,0,2
1273,0,2
1274,0,2
1275,0,2
1276,0,2
1277,0,2
1278,--,--
1279,0,0
1280,--,--
1281,0,2
1282,0,2
1283,0,2
1284,0,2
1285,--,--
1286,0,2
1287,0,2
1288,0,2
1289,0,2
1290,0,2
1291,0,2
1292,--,--
1293,--,--
1294,--,--
1295,0,2
1296,1,2
1297,0,2
1298,0,2
1299,0,2
1300,0,2
1301,0,2
1302,0,2
1303,--,--
1304,0,2
1305,0,2
1306,0,2
1307,0,2
1308,--,--
1309,0,2
1310,--,--
1311,--,--
1312,0,2
1313,0,2
1314,0,2
1315,0,2
1316,0,2
1317,--,--
1318,0,2
1319,--,--
1320,0,2
1321,--,--
1322,0,2
1323,0,2
1324,--,--
1325,0,2
1326,--,--
1327,0,2
1328,0,2
1329,0,2
1330,0,2
1331,0,2
1332,0,2
1333,0,2
1334,0,2
1335,0,2
1336,--,--
1337,0,2
1338,0,2
1339,0,2
1340,0,2
1341,0,2
1342,0,2
1343,0,2
1344,0,2
1345,0,2
1346,--,--
1347,0,2
1348,0,2
1349,0,2
1350,1,2
1351,--,--
1352,0,2
1353,0,2
1354,0,2
1355,0,2
1356,--,--
1357,0,2
1358,--,--
1359,0,2
1360,--,--
1361,0,2
1362,0,2
1363,0,2
1364,1,2
1365,0,2
1366,--,--
1367,0,2
1368,--,--
1369,0,2
1370,--,--
1371,--,--
1372,0,2
1373,0,2
1374,0,2
1375,0,2
1376,--,--
1377,0,2
1378,0,2
1379,0,2
1380,0,2
1381,--,--
1382,0,2
1383,--,--
1384,--,--
1385,--,--
1386,0,2
1387,--,--
1388,0,2
1389,--,--
1390,0,2
1391,0,2
1392,0,2
1393,0,2
1394,0,2
1395,--,--
1396,1,2
1397,0,2
1398,0,2
1399,0,2
1400,--,--
1401,--,--
1402,0,2
1403,0,2
1404,0,2
1405,0,2
1406,--,--
1407,0,2
1408,0,2
1409,0,2
1410,0,2
1411,--,--
1412,0,2
1413,0,2
1414,0,2
1415,--,--
1416,0,2
1417,--,--
1418,--,--
1419,0,2
1420,--,--
1421,0,2
1422,0,2
1423,0,2
1424,0,2
1425,0,2
1426,0,2
1427,0,2
1428,0,2
1429,0,2
1430,0,2
1431,0,2
1432,--,--
1433,--,--
1434,0,2
1435,0,2
1436,0,2
1437,--,--
1438,0,2
1439,--,--
1440,0,2
1441,0,2
1442,--,--
1443,0,2
1444,--,--
1445,0,2
1446,0,2
1447,0,2
1448,0,2
1449,0,2
1450,0,2
1451,1,2
1452,0,2
1453,0,2
1454,0,2
1455,0,2
1456,0,2
1457,--,--
1458,0,2
1459,0,2
1460,--,--
1461,0,2
1462,0,2
1463,0,2
1464,0,2
1465,--,--
1466,--,--
1467,--,--
1468,0,2
1469,0,2
1470,--,--
1471,0,2
1472,0,2
1473,0,2
1474,0,2
1475,0,2
1476,0,2
1477,0,2
1478,0,2
1479,--,--
1480,0,2
1481,0,2
1482,0,2
1483,0,2
1484,--,--
1485,--,--
1486,0,2
1487,0,2
1488,0,2
1489,0,2
1490,0,2
1491,0,2
1492,0,2
1493,0,2
1494,0,2
1495,0,2
1496,0,2
1497,0,2
1498,0,2
1499,0,2
1500,0,2
1501,0,2
1502,--,--
1503,--,--
1504,0,2
1505,0,2
1506,0,2
1507,0,2
1508,0,2
1509,0,2
1510,0,2
1511,0,2
1512,0,2
1513,0,2
1514,0,2
1515,0,2
1516,0,2
1517,0,0
1518,0,2
1519,0,2
1520,0,2
1521,--,--
1522,0,2
1523,0,2
1524,0,2
1525,--,--
1526,--,--
1527,--,--
1528,0,2
1529,0,2
1530,0,2
1531,0,2
1532,0,2
1533,0,2
1534,0,2
1535,--,--
1536,0,2
1537,0,2
1538,0,2
1539,--,--
1540,--,--
1541,0,2
1542,--,--
1543,--,--
1544,--,--
1545,--,--
1546,0,2
1547,--,--
1548,0,2
1549,--,--
1550,0,2
1551,0,2
1552,--,--
1553,0,2
1554,--,--
1555,0,2
1556,0,2
1557,0,2
1558,--,--
1559,0,2
1560,0,2
1561,0,2
1562,0,2
1563,0,2
1564,--,--
1565,0,2
1566,--,--
1567,--,--
1568,--,--
1569,0,2
1570,0,2
1571,0,2
1572,0,2
1573,--,--
1574,0,2
1575,0,2
1576,0,2
1577,0,2
1578,--,--
1579,0,2
1580,0,2
1581,0,2
1582,0,2
1583,0,2
1584,0,2
1585,0,2
1586,0,2
1587,0,2
1588,0,2
1589,--,--
1590,0,2
1591,0,2
1592,0,2
1593,0,2
1594,--,--
1595,0,2
1596,0,2
1597,0,2
1598,0,2
1599,--,--
1600,0,2
1601,0,2
1602,--,--
1603,--,--
1604,0,2
1605,0,2
1606,0,2
1607,--,--
1608,--,--
1609,--,--
1610,--,--
1611,0,2
1612,0,2
1613,0,2
1614,--,--
1615,0,2
1616,0,2
1617,0,2
1618,--,--
1619,0,2
1620,--,--
1621,0,2
1622,--,--
1623,--,--
1624,--,--
1625,0,0
1626,--,--
1627,--,--
1628,0,2
1629,0,2
1630,0,2
1631,--,--
1632,0,2
1633,0,2
1634,0,2
1635,--,--
1636,--,--
1637,--,--
1638,0,2
1639,--,--
1640,--,--
1641,0,2
1642,0,2
1643,--,--
1644,0,2
1645,0,2
1646,0,2
1647,--,--
1648,0,2
1649,--,--
1650,0,2
1651,--,--
1652,0,2
1653,--,--
1654,--,--
1655,0,2
1656,0,2
1657,--,--
1658,0,2
1659,0,2
1660,0,2
1661,--,--
1662,--,--
1663,0,2
1664,--,--
1665,0,2
1666,0,2
1667,0,2
1668,0,2
1669,0,2
1670,0,2
1671,0,2
1672,--,--
1673,0,2
1674,0,2
1675,0,2
1676,0,2
1677,0,2
1678,0,2
1679,0,2
1680,0,2
1681,--,--
1682,0,2
1683,--,--
1684,0,2
1685,0,2
1686,--,--
1687,0,2
1688,0,2
1689,--,--
1690,0,2
1691,0,2
1692,0,2
1693,0,2
1694,--,--
1695,0,2
1696,--,--
1697,0,2
1698,--,--
1699,--,--
1700,--,--
1701,0,2
1702,0,2
1703,0,2
1704,0,2
1705,0,2
1706,0,2
1707,0,2
1708,--,--
1709,0,2
1710,--,--
1711,0,2
1712,0,2
1713,--,--
1714,--,--
1715,0,2
1716,--,--
1717,0,2
1718,--,--
1719,1,2
1720,0,2
1721,0,2
1722,0,2
1723,0,2
1724,--,--
1725,0,2
1726,--,--
1727,0,2
1728,0,2
1729,0,2
1730,0,2
1731,0,2
1732,--,--
1733,0,2
1734,0,2
1735,--,--
1736,0,2
1737,--,--
1738,--,--
1739,0,2
1740,0,2
1741,0,2
1742,0,2
1743,0,2
1744,--,--
1745,0,2
1746,--,--
1747,0,2
1748,0,2
1749,0,2
1750,0,2
1751,--,--
1752,0,2
1753,0,2
1754,0,2
1755,0,2
1756,--,--
1757,--,--
1758,--,--
1759,0,2
1760,0,2
1761,--,--
1762,1,2
1763,0,2
1764,0,2
1765,0,2
1766,--,--
1767,0,2
1768,--,--
1769,0,2
1770,0,2
1771,0,2
1772,0,2
1773,0,2
1774,0,2
1775,--,--
1776,--,--
1777,0,2
1778,0,2
1779,0,2
1780,--,--
1781,0,2
1782,0,2
1783,0,2
1784,0,2
1785,0,2
1786,0,2
1787,--,--
1788,0,2
1789,0,2
1790,0,2
1791,0,2
1792,0,2
1793,0,2
1794,0,2
1795,--,--
1796,0,2
1797,--,--
1798,0,2
1799,0,2
1800,--,--
1801,--,--
1802,0,2
1803,--,--
1804,0,2
1805,0,2
1806,--,--
1807,--,--
1808,0,2
1809,--,--
1810,1,2
1811,0,2
1812,--,--
1813,0,2
1814,0,2
1815,0,2
1816,0,2
1817,0,2
1818,--,--
1819,0,2
1820,0,2
1821,0,2
1822,0,2
1823,0,2
1824,0,2
1825,0,2
1826,--,--
1827,--,--
1828,0,2
1829,0,2
1830,--,--
1831,0,2
1832,--,--
1833,0,2
1834,0,2
1835,0,2
1836,--,--
1837,0,2
1838,0,2
1839,0,2
1840,0,2
1841,--,--
1842,0,2
1843,0,2
1844,0,2
1845,--,--
1846,0,2
1847,0,2
1848,--,--
1849,0,2
1850,--,--
1851,--,--
1852,--,--
1853,0,2
1854,0,2
1855,0,2
1856,--,--
1857,--,--
1858,0,2
1859,0,2
1860,0,2
1861,--,--
1862,0,2
1863,--,--
1864,0,2
1865,0,2
1866,0,2
1867,0,2
1868,--,--
1869,0,2
1870,0,2
1871,0,2
1872,0,2
1873,0,2
1874,--,--
1875,--,--
1876,0,2
1877,0,2
1878,0,2
1879,0,2
1880,0,2
1881,--,--
1882,0,2
1883,--,--
1884,0,2
1885,--,--
1886,0,2
1887,0,2
1888,0,2
1889,--,--
1890,0,2
1891,0,2
1892,0,2
1893,0,2
1894,0,2
1895,0,2
1896,0,2
1897,0,2
1898,--,--
1899,--,--
1900,0,2
1901,0,2
1902,0,2
1903,0,2
1904,0,2
1905,0,2
1906,0,2
1907,0,2
1908,0,2
1909,0,2
1910,0,2
1911,0,2
1912,0,2
1913,--,--
1914,--,--
1915,0,2
1916,0,2
1917,0,2
1918,0,2
1919,0,2
1920,0,2
1921,0,2
1922,--,--
1923,0,2
1924,--,--
1925,0,2
1926,0,2
1927,0,2
1928,--,--
1929,--,--
1930,0,2
1931,--,--
1932,0,2
1933,0,2
1934,0,2
1935,0,2
1936,0,2
1937,--,--
1938,0,2
1939,--,--
1940,--,--
1941,--,--
1942,0,2
1943,--,--
1944,0,2
1945,0,2
1946,0,2
1947,--,--
1948,0,2
1949,0,2
1950,--,--
1951,1,2
1952,--,--
1953,0,2
1954,0,2
1955,0,2
1956,0,2
1957,0,2
1958,0,2
1959,0,2
1960,0,2
1961,--,--
1962,0,2
1963,0,2
1964,0,2
1965,--,--
1966,--,--
1967,0,2
1968,0,2
1969,--,--
1970,--,--
1971,0,2
1972,--,--
1973,0,2
1974,0,2
1975,--,--
1976,1,2
1977,0,2
1978,--,--
1979,--,--
1980,0,2
1981,0,2
1982,--,--
1983,0,2
1984,--,--
1985,0,2
1986,0,2
1987,0,2
1988,--,--
1989,--,--
1990,0,2
1991,0,2
1992,--,--
1993,0,2
1994,0,2
1995,--,--
1996,--,--
1997,--,--
1998,0,2
1999,0,2
2000,--,--
2001,0,2
2002,0,2
2003,--,--
2004,--,--
2005,--,--
2006,0,2
2007,--,--
2008,0,2
2009,0,2
2010,--,--
2011,0,2
2012,--,--
2013,0,2
2014,--,--
2015,--,--
2016,--,--
2017,0,2
2018,0,2
2019,--,--
2020,--,--
2021,--,--
2022,0,2
2023,0,2
2024,0,2
2025,--,--
2026,0,2
2027,0,2
2028,0,2
2029,0,2
2030,0,2
2031,0,2
2032,0,2
2033,--,--
2034,--,--
2035,--,--
2036,0,2
2037,0,2
2038,0,2
2039,0,2
2040,0,2
2041,0,2
2042,--,--
2043,--,--
2044,0,2
2045,0,2
2046,0,2
2047,0,2
2048,0,2
2049,0,2
2050,--,--
2051,0,2
2052,--,--
2053,--,--
2054,0,2
2055,--,--
2056,0,2
2057,0,2
2058,--,--
2059,--,--
2060,--,--
2061,0,2
2062,--,--
2063,0,2
2064,0,2
2065,0,2
2066,--,--
2067,0,2
2068,0,2
2069,--,--
2070,0,2
2071,0,2
2072,0,2
2073,0,2
2074,0,2
2075,0,2
2076,0,2
2077,--,--
2078,0,2
2079,--,--
2080,0,2
2081,--,--
2082,0,2
2083,0,2
2084,--,--
2085,0,2
2086,0,2
2087,--,--
2088,0,2
2089,0,2
2090,0,2
2091,0,2
2092,--,--
2093,--,--
2094,--,--
2095,0,2
2096,0,2
2097,0,2
2098,0,2
2099,0,2
2100,0,2
2101,--,--
2102,0,2
2103,0,2
2104,0,2
2105,0,0
2106,0,2
2107,0,2
2108,--,--
2109,0,2
2110,0,2
2111,0,2
2112,0,2
2113,0,2
2114,0,2
2115,0,2
2116,0,2
2117,--,--
2118,--,--
2119,0,2
2120,0,2
2121,--,--
2122,--,--
2123,--,--
2124,0,2
2125,0,2
2126,0,2
2127,--,--
2128,0,2
2129,0,2
2130,0,2
2131,0,2
2132,0,2
2133,0,2
2134,--,--
2135,--,--
2136,--,--
2137,0,2
2138,--,--
2139,0,2
2140,0,2
2141,0,2
2142,--,--
2143,0,2
2144,0,2
2145,0,2
2146,0,2
2147,0,2
2148,0,2
2149,0,2
2150,--,--
2151,0,2
2152,1,2
2153,0,2
2154,--,--
2155,--,--
2156,0,2
2157,0,2
2158,0,2
2159,0,2
2160,--,--
2161,0,2
2162,--,--
2163,0,2
2164,0,2
2165,--,--
2166,0,2
2167,--,--
2168,0,2
2169,--,--
2170,0,2
2171,0,2
2172,--,--
2173,0,2
2174,0,2
2175,--,--
2176,0,2
2177,--,--
2178,0,2
2179,0,2
2180,0,2
2181,0,2
2182,--,--
2183,0,2
2184,0,2
2185,0,2
2186,0,2
2187,0,2
2188,--,--
2189,0,2
2190,--,--
2191,0,2
2192,0,2
2193,0,2
2194,0,2
2195,0,2
2196,--,--
2197,0,2
2198,--,--
2199,--,--
2200,--,--
2201,0,2
2202,--,--
2203,0,2
2204,0,2
2205,0,2
2206,0,2
2207,0,2
2208,0,2
2209,0,2
2210,0,2
2211,--,--
2212,--,--
2213,0,2
2214,0,2
2215,--,--
2216,0,2
2217,0,2
2218,0,2
2219,--,--
2220,0,2
2221,--,--
2222,0,2
2223,0,2
2224,0,2
2225,0,2
2226,0,2
2227,--,--
2228,0,2
2229,0,2
2230,0,2
2231,0,2
2232,0,2
2233,0,2
2234,0,2
2235,0,2
2236,--,--
2237,0,2
2238,--,--
2239,0,2
2240,0,2
2241,--,--
2242,0,2
2243,0,2
2244,0,2
2245,--,--
2246,--,--
2247,0,2
2248,0,2
2249,0,2
2250,0,2
2251,0,2
2252,0,2
2253,0,2
2254,--,--
2255,0,2
2256,0,2
2257,0,2
2258,0,2
2259,0,2
2260,--,--
2261,0,2
2262,0,2
2263,0,2
2264,--,--
2265,--,--
2266,0,2
2267,0,2
2268,0,2
2269,--,--
2270,--,--
2271,--,--
2272,0,2
2273,0,2
2274,0,2
2275,0,2
2276,0,2
2277,0,2
2278,0,2
2279,--,--
2280,--,--
2281,--,--
2282,--,--
2283,0,2
2284,0,2
2285,0,2
2286,0,2
2287,0,2
2288,0,2
2289,--,--
2290,--,--
2291,--,--
2292,--,--
2293,--,--
2294,0,2
2295,--,--
2296,--,--
2297,--,--
2298,0,2
2299,0,2
2300,--,--
2301,0,2
2302,0,2
2303,0,2
2304,0,2
2305,0,2
2306,--,--
2307,--,--
2308,--,--
2309,0,2
2310,0,2
2311,0,2
2312,0,2
2313,0,2
2314,0,2
2315,--,--
2316,0,2
2317,0,2
2318,0,2
2319,0,2
2320,0,2
2321,0,2
2322,0,2
2323,0,2
2324,--,--
2325,0,2
2326,0,2
2327,0,2
2328,0,2
2329,0,2
2330,--,--
2331,--,--
2332,1,2
2333,0,2
2334,0,2
2335,0,2
2336,0,2
2337,--,--
2338,0,2
2339,0,2
2340,0,2
2341,0,2
2342,--,--
2343,0,2
2344,0,2
2345,0,2
2346,--,--
2347,0,2
2348,0,2
2349,0,2
2350,0,2
2351,--,--
2352,0,2
2353,0,2
2354,0,2
2355,0,2
2356,0,2
2357,--,--
2358,0,2
2359,0,2
2360,0,2
2361,--,--
2362,0,2
2363,0,2
2364,0,2
2365,0,2
2366,--,--
2367,0,2
2368,0,2
2369,0,2
2370,0,2
2371,0,2
2372,0,2
2373,0,2
2374,--,--
2375,--,--
2376,0,2
2377,--,--
2378,--,--
2379,0,2
2380,0,2
2381,0,2
2382,0,2
2383,0,2
2384,0,2
2385,--,--
2386,0,2
2387,--,--
2388,0,2
2389,0,2
2390,--,--
2391,0,2
2392,0,2
2393,0,2
2394,0,2
2395,0,2
2396,0,2
2397,0,2
2398,0,2
2399,0,2
2400,0,2
2401,0,2
2402,0,2
2403,0,2
2404,0,2
2405,0,2
2406,0,2
2407,0,2
2408,--,--
2409,0,2
2410,0,2
2411,0,2
2412,0,2
2413,0,2
2414,0,2
2415,0,2
2416,0,2
2417,0,2
2418,--,--
2419,1,2
2420,--,--
2421,0,2
2422,--,--
2423,--,--
2424,0,2
2425,0,2
2426,0,2
2427,0,2
2428,0,2
2429,0,2
2430,0,2
2431,--,--
2432,--,--
2433,0,2
2434,0,2
2435,0,2
2436,--,--
2437,0,2
2438,0,2
2439,0,2
2440,0,2
2441,0,2
2442,--,--
2443,0,2
2444,0,2
2445,0,2
2446,0,2
2447,--,--
2448,0,2
2449,0,2
2450,0,2
2451,0,2
2452,0,2
2453,0,2
2454,--,--
2455,--,--
2456,0,2
2457,--,--
2458,--,--
2459,0,2
2460,0,2
2461,--,--
2462,--,--
2463,0,2
2464,0,2
2465,0,2
2466,0,2
2467,0,2
2468,--,--
2469,0,2
2470,0,2
2471,--,--
2472,0,2
2473,0,2
2474,0,2
2475,0,2
2476,0,2
2477,0,2
2478,0,2
2479,0,2
2480,0,2
2481,--,--
2482,0,2
2483,--,--
2484,0,2
2485,--,--
2486,0,2
2487,0,2
2488,0,2
2489,--,--
2490,0,2
2491,0,2
2492,0,2
2493,0,2
2494,0,2
2495,0,2
2496,0,2
2497,0,2
2498,0,2
2499,0,2
2500,0,2
2501,0,2
2502,--,--
2503,0,2
2504,--,--
2505,0,2
2506,0,2
2507,0,2
2508,0,2
2509,--,--
2510,--,--
2511,0,2
2512,--,--
2513,0,2
2514,0,2
2515,--,--
2516,0,2
2517,0,2
2518,--,--
2519,--,--
2520,0,2
2521,0,2
2522,--,--
2523,0,2
2524,0,2
2525,0,2
2526,--,--
2527,--,--
2528,2,2
2529,0,2
2530,0,2
2531,0,2
2532,--,--
2533,0,2
2534,0,2
2535,--,--
2536,0,2
2537,--,--
2538,0,2
2539,--,--
2540,0,2
2541,0,2
2542,0,2
2543,0,2
2544,0,2
2545,0,2
2546,0,2
2547,--,--
2548,0,2
2549,--,--
2550,0,2
2551,0,2
2552,--,--
2553,0,2
2554,0,2
2555,0,2
2556,--,--
2557,0,2
2558,0,2
2559,--,--
2560,0,2
2561,--,--
2562,--,--
2563,--,--
2564,--,--
2565,--,--
2566,0,2
2567,--,--
2568,--,--
2569,0,2
2570,0,2
2571,--,--
2572,0,2
2573,0,2
2574,0,2
2575,0,2
2576,--,--
2577,0,2
2578,--,--
2579,--,--
2580,0,2
2581,--,--
2582,0,2
2583,--,--
2584,--,--
2585,0,2
2586,0,2
2587,0,2
2588,0,2
2589,--,--
2590,0,2
2591,0,2
2592,0,2
2593,0,2
2594,--,--
2595,0,2
2596,0,2
2597,0,2
2598,--,--
2599,0,2
2600,0,2
2601,0,2
2602,0,2
2603,--,--
2604,0,2
2605,0,2
2606,0,2
2607,0,2
2608,0,2
2609,0,2
2610,0,2
2611,--,--
2612,--,--
2613,--,--
2614,--,--
2615,0,2
2616,0,2
2617,0,2
2618,--,--
2619,--,--
2620,0,2
2621,--,--
2622,--,--
2623,--,--
2624,--,--
2625,0,2
2626,0,2
2627,0,2
2628,0,2
2629,--,--
2630,0,2
2631,0,2
2632,0,2
2633,0,2
2634,0,2
2635,0,2
2636,--,--
2637,0,2
2638,0,2
2639,0,2
2640,0,2
2641,--,--
2642,--,--
2643,0,2
2644,--,--
2645,--,--
2646,0,2
2647,0,2
2648,0,2
2649,--,--
2650,0,2
2651,0,2
2652,--,--
2653,--,--
2654,--,--
2655,--,--
2656,0,2
2657,--,--
2658,0,2
2659,0,2
2660,--,--
2661,0,2
2662,0,2
2663,0,2
2664,1,2
2665,0,2
2666,0,2
2667,--,--
2668,--,--
2669,0,2
2670,0,2
2671,--,--
2672,0,2
2673,0,2
2674,0,2
2675,0,2
2676,0,2
2677,--,--
2678,--,--
2679,0,2
2680,--,--
2681,0,2
2682,0,2
2683,--,--
2684,0,2
2685,--,--
2686,0,2
2687,0,2
2688,0,2
2689,0,2
2690,--,--
2691,--,--
2692,0,2
2693,0,2
2694,0,2
2695,--,--
2696,0,2
2697,0,2
2698,0,2
2699,0,2
2700,0,2
2701,0,2
2702,0,2
2703,0,2
2704,0,2
2705,--,--
2706,0,2
2707,0,2
2708,0,2
2709,0,2
2710,--,--
2711,0,2
2712,0,2
2713,--,--
2714,--,--
2715,--,--
2716,0,2
2717,0,2
2718,--,--
2719,0,2
2720,0,2
2721,0,2
2722,0,2
2723,0,2
2724,0,2
2725,0,2
2726,--,--
2727,--,--
2728,0,2
2729,0,2
2730,0,2
2731,0,2
2732,0,2
2733,0,2
2734,--,--
2735,0,2
2736,0,2
2737,--,--
2738,0,2
2739,--,--
2740,--,--
2741,--,--
2742,0,2
2743,0,2
2744,--,--
2745,--,--
2746,0,2
2747,0,2
2748,--,--
2749,0,2
2750,0,2
2751,0,2
2752,--,--
2753,0,2
2754,--,--
2755,--,--
2756,--,--
2757,--,--
2758,0,2
2759,0,2
2760,0,2
2761,--,--
2762,0,2
2763,0,2
2764,--,--
2765,0,2
2766,--,--
2767,0,2
2768,0,2
2769,0,2
2770,0,2
2771,0,2
2772,--,--
2773,0,2
2774,0,2
2775,--,--
2776,0,2
2777,0,2
2778,--,--
2779,0,2
2780,0,2
2781,--,--
2782,--,--
2783,0,2
2784,0,2
2785,--,--
2786,0,2
2787,0,2
2788,--,--
2789,0,2
2790,0,2
2791,0,2
2792,--,--
2793,0,2
2794,0,2
2795,0,2
2796,0,2
2797,--,--
2798,0,2
2799,0,2
2800,0,2
2801,0,2
2802,0,2
2803,--,--
2804,--,--
2805,0,2
2806,0,2
2807,0,2
2808,0,2
2809,0,2
2810,0,2
2811,--,--
2812,--,--
2813,0,2
2814,--,--
2815,0,2
2816,0,2
2817,--,--
2818,0,2
2819,--,--
2820,--,--
2821,0,2
2822,--,--
2823,0,2
2824,--,--
2825,0,2
2826,0,2
2827,0,2
2828,--,--
2829,0,2
2830,--,--
2831,0,2
2832,0,2
2833,0,2
2834,0,2
2835,--,--
2836,0,2
2837,--,--
2838,0,2
2839,0,2
2840,0,2
2841,--,--
2842,0,2
2843,0,2
2844,--,--
2845,0,2
2846,0,2
2847,0,2
2848,0,2
2849,--,--
2850,--,--
2851,--,--
2852,--,--
2853,0,2
2854,--,--
2855,0,2
2856,0,2
2857,0,2
2858,0,2
2859,--,--
2860,--,--
2861,0,2
2862,0,2
2863,--,--
2864,0,2
2865,--,--
2866,--,--
2867,0,2
2868,0,2
2869,0,2
2870,0,2
2871,0,2
2872,0,2
2873,0,2
2874,0,2
2875,0,2
2876,--,--
2877,0,2
2878,--,--
2879,0,2
2880,0,2
2881,0,2
2882,--,--
2883,0,2
2884,0,2
2885,0,2
2886,--,--
2887,0,2
2888,0,2
2889,--,--
2890,0,2
2891,0,2
2892,--,--
2893,0,2
2894,0,2
2895,0,2
2896,0,2
2897,--,--
2898,0,2
2899,0,2
2900,0,2
2901,0,2
2902,--,--
2903,0,2
2904,--,--
2905,0,2
2906,--,--
2907,0,2
2908,0,2
2909,--,--
2910,--,--
2911,0,2
2912,0,2
2913,--,--
2914,0,2
2915,0,2
2916,--,--
2917,0,2
2918,0,2
2919,0,2
2920,--,--
2921,0,2
2922,0,2
2923,--,--
2924,0,2
2925,0,2
2926,0,2
2927,0,2
2928,--,--
2929,--,--
2930,--,--
2931,0,2
2932,0,2
2933,--,--
2934,0,2
2935,--,--
2936,0,2
2937,--,--
2938,--,--
2939,0,2
2940,0,2
2941,--,--
2942,0,2
2943,0,2
2944,0,2
2945,0,2
2946,--,--
2947,0,2
2948,0,2
2949,--,--
2950,0,2
2951,0,2
2952,--,--
2953,--,--
2954,0,2
2955,--,--
2956,0,2
2957,0,2
2958,--,--
2959,--,--
2960,0,2
2961,0,2
2962,0,2
2963,0,2
2964,--,--
2965,--,--
2966,1,2
2967,0,2
2968,0,2
2969,0,2
2970,--,--
2971,0,2
2972,0,2
2973,0,2
2974,--,--
2975,0,2
2976,0,2
2977,0,2
2978,0,2
2979,0,2
2980,0,2
2981,0,2
2982,0,2
2983,--,--
2984,0,2
2985,0,2
2986,0,2
2987,--,--
2988,0,2
2989,--,--
2990,0,2
2991,0,2
2992,0,2
2993,0,2
2994,0,2
2995,0,2
2996,0,2
2997,0,2
2998,0,2
2999,0,2
3000,--,--
3001,0,2
3002,--,--
3003,0,2
3004,--,--
3005,--,--
3006,0,2
3007,--,--
3008,0,2
3009,0,2
3010,--,--
3011,0,2
3012,0,2
3013,0,2
3014,0,2
3015,0,2
3016,0,2
3017,0,2
3018,0,2
3019,0,2
3020,0,2
3021,--,--
3022,0,2
3023,0,2
3024,--,--
3025,--,--
3026,0,2
3027,0,2
3028,--,--
3029,--,--
3030,0,2
3031,0,2
3032,0,2
3033,0,2
3034,--,--
3035,--,--
3036,0,2
3037,0,2
3038,--,--
3039,0,2
3040,--,--
3041,0,2
3042,0,2
3043,0,2
3044,0,2
3045,--,--
3046,2,2
3047,0,2
3048,0,2
3049,0,2
3050,0,2
3051,--,--
3052,0,2
3053,0,2
3054,0,2
3055,0,2
3056,0,2
3057,0,2
3058,0,2
3059,--,--
3060,0,2
3061,--,--
3062,0,2
3063,0,2
3064,--,--
3065,0,2
3066,0,2
3067,0,2
3068,--,--
3069,0,2
3070,--,--
3071,0,2
3072,0,2
3073,0,2
3074,0,2
3075,0,2
3076,--,--
3077,--,--
3078,0,2
3079,--,--
3080,0,2
3081,--,--
3082,0,2
3083,0,2
3084,0,2
3085,0,2
3086,0,2
3087,0,2
3088,0,2
3089,0,2
3090,0,2
3091,--,--
3092,--,--
3093,--,--
3094,1,2
3095,0,2
3096,0,2
3097,0,2
3098,0,2
3099,--,--
3100,0,2
3101,0,2
3102,0,2
3103,0,2
3104,0,2
3105,--,--
3106,0,2
3107,0,2
3108,0,2
3109,0,2
3110,--,--
3111,--,--
3112,--,--
3113,--,--
3114,--,--
3115,0,2
3116,0,2
3117,0,2
3118,0,2
3119,0,2
3120,0,2
3121,--,--
3122,--,--
3123,0,2
3124,--,--
3125,0,2
3126,0,2
3127,0,2
3128,0,2
3129,0,2
3130,0,2
3131,0,2
3132,0,2
3133,--,--
3134,0,2
3135,0,2
3136,0,2
3137,0,2
3138,0,2
3139,0,2
3140,0,2
3141,--,--
3142,0,2
3143,0,2
3144,0,2
3145,0,2
3146,0,2
3147,0,2
3148,0,2
3149,0,2
3150,--,--
3151,0,2
3152,0,2
3153,0,2
3154,0,2
3155,--,--
3156,--,--
3157,--,--
3158,1,2
3159,0,2
3160,0,2
3161,0,2
3162,0,2
3163,0,2
3164,0,2
3165,0,2
3166,0,2
3167,0,2
3168,--,--
3169,0,2
3170,0,2
3171,--,--
3172,1,2
3173,1,2
3174,--,--
3175,0,2
3176,0,2
3177,--,--
3178,0,2
3179,--,--
3180,--,--
3181,0,2
3182,0,2
3183,--,--
3184,0,2
3185,--,--
3186,--,--
3187,--,--
3188,0,2
3189,0,2
3190,0,2
3191,0,2
3192,--,--
3193,--,--
3194,0,2
3195,0,2
3196,0,2
3197,0,2
3198,0,2
3199,--,--
3200,0,2
3201,--,--
3202,0,2
3203,0,2
3204,0,2
3205,--,--
3206,0,2
3207,--,--
3208,--,--
3209,0,2
3210,0,2
3211,0,2
3212,0,2
3213,0,2
3214,0,2
3215,--,--
3216,0,2
3217,--,--
3218,--,--
3219,--,--
3220,--,--
3221,--,--
3222,0,2
3223,--,--
3224,0,2
3225,0,2
3226,--,--
3227,0,2
3228,0,2
3229,0,2
3230,0,2
3231,--,--
3232,0,2
3233,0,2
3234,0,2
3235,0,2
3236,0,2
3237,0,2
3238,0,2
3239,0,2
3240,0,2
3241,0,2
3242,--,--
3243,0,2
3244,0,2
3245,--,--
3246,0,2
3247,0,2
3248,--,--
3249,0,2
3250,--,--
3251,--,--
3252,--,--
3253,--,--
3254,0,2
3255,--,--
3256,0,2
3257,0,2
3258,0,2
3259,0,2
3260,0,2
3261,0,2
3262,0,2
3263,0,2
3264,--,--
3265,0,2
3266,--,--
3267,--,--
3268,--,--
3269,0,2
3270,--,--
3271,--,--
3272,--,--
3273,--,--
3274,0,2
3275,0,2
3276,--,--
3277,0,2
3278,--,--
3279,0,2
3280,0,2
3281,0,2
3282,0,2
3283,--,--
3284,0,2
3285,--,--
3286,0,2
3287,--,--
3288,0,2
3289,0,2
3290,0,2
3291,0,2
3292,--,--
3293,--,--
3294,0,2
3295,0,2
3296,0,2
3297,0,2
3298,0,2
3299,0,2
3300,0,2
3301,--,--
3302,0,2
3303,0,2
3304,0,2
3305,0,2
3306,0,2
3307,0,2
3308,0,2
3309,--,--
3310,--,--
3311,--,--
3312,0,2
3313,0,2
3314,0,2
3315,0,2
3316,--,--
3317,--,--
3318,0,2
3319,0,2
3320,0,2
3321,0,2
3322,--,--
3323,0,2
3324,0,2
3325,0,2
3326,0,2
3327,0,2
3328,--,--
3329,0,2
3330,0,2
3331,0,2
3332,0,2
3333,0,2
3334,0,2
3335,0,2
3336,0,2
3337,--,--
3338,--,--
3339,--,--
3340,0,2
3341,0,2
3342,--,--
3343,0,2
3344,0,2
3345,1,2
3346,--,--
3347,0,2
3348,0,2
3349,--,--
3350,0,2
3351,--,--
3352,--,--
3353,--,--
3354,--,--
3355,0,2
3356,0,2
3357,--,--
3358,--,--
3359,0,2
3360,0,2
3361,0,2
3362,0,2
3363,0,2
3364,--,--
3365,--,--
3366,--,--
3367,0,2
3368,0,2
3369,0,2
3370,0,2
3371,0,2
3372,0,2
3373,0,2
3374,0,2
3375,0,2
3376,0,2
3377,0,2
3378,0,2
3379,0,2
3380,0,2
3381,0,2
3382,--,--
3383,--,--
3384,--,--
3385,0,2
3386,--,--
3387,--,--
3388,0,2
3389,0,2
3390,0,2
3391,--,--
3392,0,2
3393,0,2
3394,--,--
3395,--,--
3396,0,2
3397,--,--
3398,0,2
3399,0,2
3400,--,--
3401,0,2
3402,0,2
3403,--,--
3404,0,2
3405,0,2
3406,0,2
3407,0,2
3408,0,2
3409,0,2
3410,--,--
3411,0,2
3412,0,2
3413,0,2
3414,0,2
3415,0,2
3416,--,--
3417,--,--
3418,0,2
3419,--,--
3420,0,2
3421,0,2
3422,0,2
3423,--,--
3424,--,--
3425,0,2
3426,--,--
3427,0,2
3428,--,--
3429,--,--
3430,0,2
3431,0,2
3432,0,2
3433,0,2
3434,0,2
3435,--,--
3436,--,--
3437,0,2
3438,0,2
3439,0,2
3440,0,2
3441,0,2
3442,0,2
3443,0,2
3444,0,2
3445,0,2
3446,0,2
3447,0,2
3448,0,2
3449,--,--
3450,--,--
3451,0,2
3452,0,2
3453,0,2
3454,--,--
3455,0,2
3456,0,2
3457,0,2
3458,0,2
3459,0,2
3460,0,2
3461,0,2
3462,0,2
3463,0,2
3464,0,2
3465,0,2
3466,--,--
3467,--,--
3468,0,2
3469,--,--
3470,0,2
3471,--,--
3472,0,2
3473,0,2
3474,0,2
3475,--,--
3476,0,2
3477,0,2
3478,0,2
3479,0,2
3480,0,2
3481,0,2
3482,0,2
3483,0,2
3484,0,2
3485,--,--
3486,--,--
3487,0,2
3488,--,--
3489,--,--
3490,0,2
3491,0,2
3492,0,2
3493,0,2
3494,0,2
3495,0,2
3496,0,2
3497,0,2
3498,0,2
3499,0,2
3500,0,2
3501,--,--
3502,0,2
3503,0,2
3504,0,2
3505,0,2
3506,0,2
3507,--,--
3508,0,2
3509,--,--
3510,0,2
3511,--,--
3512,0,2
3513,0,2
3514,--,--
3515,--,--
3516,1,2
3517,--,--
3518,--,--
3519,0,2
3520,--,--
3521,0,2
3522,0,2
3523,0,2
3524,--,--
3525,0,2
3526,0,2
3527,0,2
3528,0,2
3529,--,--
3530,--,--
3531,0,2
3532,--,--
3533,--,--
3534,1,2
3535,0,2
3536,0,2
3537,0,2
3538,0,2
3539,0,2
3540,--,--
3541,0,2
3542,--,--
3543,--,--
3544,0,2
3545,0,2
3546,--,--
3547,0,2
3548,0,2
3549,--,--
3550,0,2
3551,--,--
3552,--,--
3553,0,2
3554,0,2
3555,0,2
3556,--,--
3557,--,--
3558,--,--
3559,0,2
3560,0,2
3561,0,2
3562,0,2
3563,0,2
3564,--,--
3565,0,2
3566,0,2
3567,--,--
3568,--,--
3569,0,2
3570,--,--
3571,0,2
3572,0,2
3573,0,2
3574,--,--
3575,0,2
3576,0,2
3577,0,2
3578,0,2
3579,0,2
3580,0,2
3581,0,2
3582,0,2
3583,0,2
3584,0,2
3585,--,--
3586,0,2
3587,0,2
3588,--,--
3589,--,--
3590,0,2
3591,0,2
3592,0,2
3593,0,2
3594,0,2
3595,--,--
3596,--,--
3597,0,2
3598,--,--
3599,0,2
3600,0,2
3601,0,2
3602,0,2
3603,--,--
3604,0,2
3605,0,2
3606,0,2
3607,--,--
3608,0,2
3609,0,2
3610,0,2
3611,--,--
3612,0,2
3613,0,2
3614,--,--
3615,0,2
3616,0,2
3617,0,2
3618,0,2
3619,0,2
3620,0,2
3621,0,2
3622,0,2
3623,0,2
3624,--,--
3625,0,2
3626,0,2
3627,0,2
3628,--,--
3629,0,2
3630,0,2
3631,0,2
3632,0,2
3633,--,--
3634,--,--
3635,--,--
3636,0,2
3637,0,2
3638,0,2
3639,--,--
3640,--,--
3641,--,--
3642,0,2
3643,--,--
3644,0,2
3645,--,--
3646,0,2
3647,0,2
3648,0,2
3649,--,--
3650,0,2
3651,0,2
3652,0,2
3653,0,2
3654,--,--
3655,0,2
3656,0,2
3657,--,--
3658,0,2
3659,0,2
3660,0,2
3661,0,2
3662,0,2
3663,0,2
3664,0,2
3665,--,--
3666,--,--
3667,--,--
3668,0,2
3669,0,2
3670,--,--
3671,--,--
3672,0,2
3673,0,2
3674,0,2
3675,1,2
3676,0,2
3677,0,2
3678,--,--
3679,0,2
3680,0,2
3681,0,2
3682,--,--
3683,--,--
3684,0,2
3685,0,2
3686,--,--
3687,--,--
3688,0,2
3689,--,--
3690,0,2
3691,0,2
3692,0,2
3693,0,2
3694,0,2
3695,0,2
3696,0,2
3697,0,2
3698,--,--
3699,0,2
3700,0,2
3701,--,--
3702,--,--
3703,0,2
3704,--,--
3705,0,2
3706,0,2
3707,0,2
3708,0,2
3709,0,2
3710,0,2
3711,--,--
3712,--,--
3713,--,--
3714,--,--
3715,0,2
3716,0,2
3717,--,--
3718,0,2
3719,0,2
3720,0,2
3721,0,2
3722,0,2
3723,0,2
3724,0,2
3725,0,2
3726,--,--
3727,0,2
