t_start,t_end,sid,ra,dec,peak_time,distance_Mpc,ebv,n_filters_detected,detected
1,365,0,46.12091,-0.95987,331.20,136.83,0.011,0,0
1,365,1,133.48729,-1.22854,106.88,377.09,0.084,0,0
1,365,2,22.97421,-1.18814,133.03,73.18,0.026,0,0
1,365,3,297.94722,-1.42329,20.82,829.35,0.354,0,0
1,365,4,227.39918,-1.11222,189.60,635.35,0.941,0,0
1,365,5,280.21806,-1.08765,209.95,780.60,0.120,0,0
1,365,6,268.11438,-1.16731,147.59,747.31,0.072,0,0
1,365,7,299.61353,-1.09954,199.98,833.94,0.054,0,0
1,365,8,139.49222,-1.15625,155.62,393.60,0.175,0,0
1,365,9,71.96695,-0.95542,335.87,207.91,0.012,0,0
1,365,10,239.15287,-1.18869,132.65,667.67,0.094,0,0
1,365,11,161.77014,-1.02725,264.09,454.87,4.885,0,0
1,365,12,34.70075,-1.09486,203.88,105.43,0.028,0,0
1,365,13,63.63820,-1.32785,54.61,185.01,0.090,0,0
1,365,14,61.41347,-1.36328,40.17,178.89,0.086,0,0
1,365,15,205.82210,-0.99710,293.26,576.01,0.586,0,0
1,365,16,297.46509,-1.14498,164.01,828.03,0.077,0,0
1,365,17,101.24416,-0.98229,308.11,288.42,0.077,0,0
1,365,18,13.46852,-1.08389,213.15,47.04,0.017,0,0
1,365,19,238.19805,-1.25437,91.63,665.04,0.110,0,0
1,365,20,337.25273,-1.39954,27.71,937.45,0.102,0,0
1,365,21,266.03424,-1.16328,150.50,741.59,0.084,0,0
1,365,22,344.02437,-0.97976,310.68,956.07,0.016,0,0
1,365,23,228.23104,-1.18383,135.98,637.64,0.180,0,0
1,365,24,50.52225,-1.12578,178.80,148.94,0.032,0,0
1,365,25,6.42124,-1.12455,179.77,27.66,0.015,0,0
1,365,26,83.75067,-1.43653,17.43,240.31,0.220,0,0
1,365,27,312.38602,-1.22494,109.10,869.06,0.055,0,0
1,365,28,213.99612,-0.97978,310.65,598.49,0.735,0,0
1,365,29,114.47679,-1.04648,246.23,324.81,0.249,0,0
1,365,30,315.00178,-1.30416,65.51,876.25,0.061,0,0
1,365,31,106.87553,-1.18985,131.86,303.91,0.158,0,0
1,365,32,173.12775,-1.16261,150.98,486.10,0.504,0,0
1,365,33,192.75652,-1.05305,240.25,540.08,1.328,0,0
1,365,34,191.78002,-1.11538,187.06,537.40,2.781,0,0
1,365,35,264.56154,-1.07364,221.99,737.54,0.068,0,0
1,365,36,34.23447,-1.48927,7.06,104.14,0.144,0,0
1,365,37,336.93834,-1.50055,5.50,936.58,0.120,0,0
1,365,38,167.75466,-1.12638,178.33,471.33,1.201,0,0
1,365,39,177.17516,-1.13197,173.96,497.23,1.885,0,0
1,365,40,43.10409,-1.37804,34.81,128.54,0.107,0,0
1,365,41,31.57524,-1.21518,115.22,96.83,0.024,0,0
1,365,42,274.51157,-1.43297,18.31,764.91,0.128,0,0
1,365,43,306.19212,-1.00429,286.17,852.03,0.061,0,0
1,365,44,229.34660,-1.22360,109.93,640.70,0.093,0,0
1,365,45,211.77288,-1.29398,70.49,592.38,0.227,0,0
365,730,0,33.90385,-0.90619,389.54,103.24,0.025,0,0
365,730,1,231.79144,-0.79513,523.17,647.43,0.340,0,0
365,730,2,159.62911,-0.64800,724.64,448.98,0.073,0,0
365,730,3,117.29713,-0.84829,457.10,332.57,0.212,0,0
365,730,4,171.25377,-0.76090,567.68,480.95,0.075,0,0
365,730,5,241.13304,-0.66101,705.79,673.12,0.582,0,0
365,730,6,50.31089,-0.71252,633.09,148.35,0.014,0,0
365,730,7,2.65042,-0.68534,671.08,17.29,0.014,0,0
365,730,8,204.74683,-0.78913,530.87,573.05,0.089,0,0
365,730,9,228.49860,-0.77978,542.95,638.37,0.202,0,0
365,730,10,11.09442,-0.86572,436.26,40.51,0.012,0,0
365,730,11,157.21826,-0.82098,490.58,442.35,0.223,0,0
365,730,12,258.08047,-0.87616,423.99,719.72,0.452,0,0
365,730,13,72.85081,-0.71287,632.60,210.34,0.017,0,0
365,730,14,155.55349,-0.76533,561.84,437.77,0.131,0,0
365,730,15,210.27527,-0.86432,437.92,588.26,0.226,0,0
365,730,16,124.87313,-0.73758,598.86,353.40,1.636,0,0
365,730,17,212.72958,-0.73177,606.73,595.01,0.077,0,0
365,730,18,175.19700,-0.79921,517.97,491.79,0.081,0,0
365,730,19,187.44206,-0.77351,551.11,525.47,0.080,0,0
365,730,20,158.00813,-0.69209,661.56,444.52,0.096,0,0
365,730,21,321.00382,-0.91088,384.28,892.76,0.018,0,0
365,730,22,186.78901,-0.70101,649.08,523.67,0.074,0,0
365,730,23,277.92448,-0.66466,700.54,774.29,0.119,0,0
365,730,24,51.80310,-0.88165,417.59,152.46,0.012,0,0
365,730,25,257.54657,-0.85149,453.25,718.25,0.715,0,0
365,730,26,150.88115,-0.89696,399.99,424.92,0.803,0,0
365,730,27,23.96119,-0.67489,685.90,75.89,0.015,0,0
365,730,28,102.49923,-0.81301,500.53,291.87,0.099,0,0
365,730,29,245.05723,-0.82018,491.57,683.91,2.147,0,0
365,730,30,280.61191,-0.76027,568.52,781.68,0.072,0,0
365,730,31,150.08017,-0.68109,677.09,422.72,0.120,0,0
365,730,32,132.30425,-0.92101,373.02,373.84,0.719,0,0
365,730,33,329.88529,-0.91735,377.06,917.18,0.020,0,0
365,730,34,227.85035,-0.88957,408.45,636.59,0.621,0,0
365,730,35,261.25763,-0.88808,410.17,728.46,0.195,0,0
365,730,36,287.72810,-0.77413,550.31,801.25,0.129,0,0
365,730,37,215.85364,-0.80899,505.59,603.60,0.129,0,0
365,730,38,42.15728,-0.67303,688.56,125.93,0.014,0,0
365,730,39,236.83078,-0.89266,404.91,661.28,2.562,0,0
365,730,40,113.19839,-0.74030,595.18,321.30,0.373,0,0
365,730,41,246.99469,-0.73290,605.20,689.24,1.458,0,0
365,730,42,108.69386,-0.84496,461.12,308.91,0.177,0,0
365,730,43,330.63908,-0.79314,525.72,919.26,0.012,0,0
365,730,44,39.81183,-0.71301,632.42,119.48,0.022,0,0
730,1095,0,309.09525,-0.44691,1037.55,860.01,0.051,0,0
730,1095,1,333.63540,-0.54491,880.26,927.50,0.017,0,0
730,1095,2,349.45129,-0.55024,871.96,970.99,0.015,0,0
730,1095,3,348.30350,-0.63905,737.71,967.83,0.017,0,0
730,1095,4,157.37469,-0.47629,989.54,442.78,0.080,0,0
730,1095,5,77.25048,-0.45989,1016.25,222.44,0.024,0,0
730,1095,6,238.28995,-0.60012,795.56,665.30,0.540,0,0
730,1095,7,60.11025,-0.58095,824.64,175.30,0.007,0,0
730,1095,8,324.93686,-0.45424,1025.51,903.58,0.037,0,0
730,1095,9,333.04324,-0.62104,764.27,925.87,0.015,0,0
730,1095,10,322.61788,-0.56367,851.14,897.20,0.052,0,0
730,1095,11,50.48967,-0.42891,1067.31,148.85,0.014,3,1
730,1095,12,237.39215,-0.53829,890.63,662.83,0.119,0,0
730,1095,13,86.74941,-0.46001,1016.06,248.56,0.028,0,0
730,1095,14,249.93448,-0.43735,1053.32,697.32,0.644,1,1
730,1095,15,39.29184,-0.55970,857.29,118.05,0.027,0,0
730,1095,16,153.31755,-0.55234,868.69,431.62,0.085,0,0
730,1095,17,89.22224,-0.41382,1092.44,255.36,0.039,3,1
730,1095,18,293.96475,-0.46716,1004.39,818.40,0.123,0,0
730,1095,19,331.54937,-0.41947,1083.02,921.76,0.030,0,0
730,1095,20,181.62945,-0.63856,738.43,509.48,0.083,0,0
730,1095,21,17.73148,-0.44551,1039.86,58.76,0.019,0,0
730,1095,22,188.55106,-0.55837,859.34,528.52,0.089,0,0
730,1095,23,324.95513,-0.41286,1094.05,903.63,0.052,0,0
730,1095,24,352.64545,-0.54364,882.25,979.77,0.018,0,0
730,1095,25,280.43869,-0.44838,1035.13,781.21,0.461,0,0
730,1095,26,118.21003,-0.53271,899.39,335.08,1.198,0,0
730,1095,27,250.12733,-0.62606,756.83,697.85,1.013,0,0
730,1095,28,340.56974,-0.49986,951.53,946.57,0.020,0,0
730,1095,29,212.42732,-0.54105,886.30,594.18,0.061,0,0
730,1095,30,61.66487,-0.57459,834.35,179.58,0.008,0,0
730,1095,31,278.75571,-0.54302,883.22,776.58,0.174,0,0
730,1095,32,337.00589,-0.51378,929.32,936.77,0.015,0,0
730,1095,33,258.39368,-0.60321,790.91,720.58,1.233,0,0
1095,1460,0,41.23083,-0.40859,1101.20,123.38,0.027,0,0
1095,1460,1,147.07031,-0.40127,1113.48,414.44,0.055,1,1
1095,1460,2,282.20336,-0.37462,1158.52,786.06,0.342,0,0
1095,1460,3,180.37612,-0.37640,1155.50,506.03,0.051,0,0
1095,1460,4,108.54435,-0.28242,1317.76,308.50,0.924,0,0
1095,1460,5,95.71319,-0.38019,1149.06,273.21,0.091,4,1
1095,1460,6,164.07946,-0.33815,1220.91,461.22,0.039,0,0
1095,1460,7,110.14438,-0.38139,1147.02,312.90,1.052,0,0
1095,1460,8,259.00666,-0.25834,1360.13,722.27,0.500,1,1
1095,1460,9,233.94478,-0.27356,1333.32,653.35,0.108,0,0
1095,1460,10,177.83669,-0.38772,1136.32,499.05,0.043,3,1
1095,1460,11,37.22507,-0.22624,1417.01,112.37,0.019,5,1
1095,1460,12,337.61752,-0.21654,1434.28,938.45,0.058,0,0
1095,1460,13,199.74689,-0.27005,1339.49,559.30,0.064,1,1
1095,1460,14,298.72431,-0.32899,1236.70,831.49,0.202,3,1
1095,1460,15,16.16782,-0.32448,1244.50,54.46,0.017,6,1
1095,1460,16,269.49889,-0.20431,1456.12,751.12,1.121,3,1
1095,1460,17,113.73446,-0.32815,1238.16,322.77,1.982,0,0
1095,1460,18,268.84426,-0.39513,1123.81,749.32,3.218,0,0
1095,1460,19,289.48483,-0.31205,1266.05,806.08,0.117,1,1
1095,1460,20,38.12307,-0.25743,1361.74,114.84,0.020,3,1
1095,1460,21,312.29663,-0.30882,1271.66,868.82,0.059,4,1
1095,1460,22,268.56514,-0.20761,1450.23,748.55,1.173,0,0
1095,1460,23,52.62237,-0.32166,1249.38,154.71,0.039,4,1
1095,1460,24,62.87093,-0.21696,1433.54,182.90,0.040,4,1
1095,1460,25,141.70696,-0.27261,1335.00,399.69,0.059,3,1
1095,1460,26,65.33943,-0.31879,1254.36,189.68,0.057,5,1
1095,1460,27,36.60189,-0.35684,1188.83,110.66,0.022,1,1
1095,1460,28,288.72932,-0.36293,1178.42,804.01,0.148,0,0
1095,1460,29,289.58106,-0.38425,1142.19,806.35,0.090,2,1
1095,1460,30,103.73602,-0.23310,1404.83,295.27,0.765,0,0
1095,1460,31,309.85886,-0.40700,1103.86,862.11,0.044,0,0
1095,1460,32,47.55702,-0.21336,1439.95,140.78,0.067,0,0
1095,1460,33,288.31830,-0.34034,1217.13,802.88,0.138,1,1
1095,1460,34,91.21801,-0.36293,1178.41,260.85,0.060,5,1
1095,1460,35,203.38222,-0.34535,1208.52,569.30,0.083,4,1
1095,1460,36,337.01040,-0.28060,1320.97,936.78,0.032,0,0
1095,1460,37,172.57304,-0.37170,1163.48,484.58,0.057,2,1
1095,1460,38,42.65229,-0.37334,1160.69,127.29,0.035,0,0
1095,1460,39,43.89180,-0.31208,1265.99,130.70,0.034,2,1
1095,1460,40,106.32925,-0.37438,1158.93,302.41,0.410,0,0
1460,1825,0,239.34631,-0.08297,1675.20,668.20,0.352,1,1
1460,1825,1,201.31458,-0.19313,1476.13,563.62,0.055,2,1
1460,1825,2,109.42204,-0.05169,1732.19,310.91,0.196,0,0
1460,1825,3,307.22511,-0.14470,1563.27,854.87,0.062,0,0
1460,1825,4,101.29820,-0.17731,1504.52,288.57,0.512,5,1
1460,1825,5,105.69375,-0.18346,1493.47,300.66,0.855,0,0
1460,1825,6,146.29927,-0.16393,1528.58,412.32,0.039,0,0
1460,1825,7,293.04734,-0.05176,1732.06,815.88,0.464,3,1
1460,1825,8,160.61626,-0.13760,1576.11,451.69,0.039,3,1
1460,1825,9,280.35033,-0.01172,1805.11,780.96,2.213,0,0
1460,1825,10,176.65452,-0.10369,1637.54,495.80,0.025,0,0
1460,1825,11,96.11124,-0.13283,1584.73,274.31,0.620,0,0
1460,1825,12,119.36484,-0.06138,1714.51,338.25,0.040,2,1
1460,1825,13,199.45301,-0.01961,1790.71,558.50,0.026,3,1
1460,1825,14,242.00643,-0.01342,1802.00,675.52,0.173,0,0
1460,1825,15,114.17000,-0.03486,1762.87,323.97,0.116,3,1
1460,1825,16,156.63494,-0.00237,1822.18,440.75,0.053,3,1
1460,1825,17,34.00800,-0.10377,1637.40,103.52,0.025,6,1
1460,1825,18,215.77780,-0.04500,1744.37,603.39,0.061,0,0
1460,1825,19,82.67617,-0.12011,1607.76,237.36,0.077,2,1
1460,1825,20,44.55137,-0.02060,1788.89,132.52,0.096,6,1
1460,1825,21,143.12815,-0.07011,1698.62,403.60,0.042,4,1
1460,1825,22,175.89026,-0.17778,1503.66,493.70,0.034,2,1
1460,1825,23,217.11858,-0.19859,1466.35,607.08,0.106,0,0
1460,1825,24,59.59142,-0.18517,1490.40,173.88,0.065,2,1
1460,1825,25,212.81177,-0.00617,1815.24,595.23,0.049,6,1
1460,1825,26,306.40739,-0.09358,1655.92,852.62,0.059,5,1
1460,1825,27,85.22815,-0.15992,1535.81,244.38,3.510,0,0
1460,1825,28,308.72597,-0.12354,1601.55,859.00,0.042,1,1
1460,1825,29,166.60777,-0.04750,1739.82,468.17,0.072,0,0
1460,1825,30,246.86760,-0.13446,1581.78,688.89,0.260,0,0
1460,1825,31,305.48178,-0.08989,1662.64,850.07,0.068,5,1
1460,1825,32,221.17671,-0.16756,1522.04,618.24,0.102,3,1
1460,1825,33,345.19689,-0.02100,1788.17,959.29,0.053,4,1
1460,1825,34,213.72552,-0.13778,1575.77,597.75,0.038,0,0
1460,1825,35,34.21771,-0.04028,1752.98,104.10,0.025,0,0
1460,1825,36,188.14744,-0.07854,1683.27,527.41,0.057,2,1
1460,1825,37,137.99514,-0.09121,1660.22,389.49,0.027,2,1
1460,1825,38,342.43008,-0.17281,1512.61,951.68,0.049,2,1
1825,2190,0,133.36549,0.00906,1843.04,376.76,0.043,5,1
1825,2190,1,165.20968,0.14534,2090.88,464.33,0.034,0,0
1825,2190,2,240.62507,0.15667,2111.34,671.72,0.041,0,0
1825,2190,3,199.28858,0.01671,1857.00,558.04,0.032,0,0
1825,2190,4,200.53157,0.17754,2148.91,561.46,0.026,0,0
1825,2190,5,8.17635,0.14543,2091.04,32.48,0.037,0,0
1825,2190,6,32.41723,0.13193,2066.63,99.15,0.055,0,0
1825,2190,7,250.67534,0.09845,2005.93,699.36,0.076,0,0
1825,2190,8,226.90173,0.02548,1873.01,633.98,0.054,0,0
1825,2190,9,346.28316,0.00727,1839.76,962.28,0.047,3,1
1825,2190,10,327.08905,0.04056,1900.52,909.49,0.067,2,1
1825,2190,11,209.18201,0.05020,1918.10,585.25,0.028,3,1
1825,2190,12,173.62924,0.11217,2030.84,487.48,0.038,4,1
1825,2190,13,39.08727,0.17376,2142.11,117.49,0.097,0,0
1825,2190,14,133.53202,0.07914,1970.81,377.21,0.048,0,0
1825,2190,15,185.42057,0.00958,1843.99,519.91,0.023,0,0
1825,2190,16,336.97569,0.17514,2144.59,936.68,0.076,1,1
1825,2190,17,357.25520,0.06286,1941.18,992.45,0.044,1,1
1825,2190,18,94.48579,0.19825,2186.04,269.84,0.897,0,0
1825,2190,19,47.45600,0.10641,2020.38,140.50,0.221,5,1
1825,2190,20,103.12064,0.11115,2028.99,293.58,0.344,5,1
1825,2190,21,191.07705,0.02926,1879.91,535.46,0.022,3,1
1825,2190,22,85.19845,0.18164,2156.26,244.30,0.330,0,0
1825,2190,23,55.30082,0.15031,2099.86,162.08,0.309,3,1
1825,2190,24,19.94235,0.19160,2174.12,64.84,0.049,4,1
1825,2190,25,149.85447,0.08180,1975.67,422.10,0.037,0,0
1825,2190,26,18.70627,0.05912,1934.36,61.44,0.038,0,0
1825,2190,27,35.68073,0.18250,2157.81,108.12,0.087,2,1
1825,2190,28,48.43880,0.12329,2051.00,143.21,0.582,6,1
1825,2190,29,83.72518,0.12466,2053.49,240.24,0.308,0,0
1825,2190,30,136.60707,0.02547,1872.98,385.67,0.039,0,0
1825,2190,31,234.93144,0.03218,1885.24,656.06,0.066,1,1
1825,2190,32,49.46685,0.01634,1856.32,146.03,0.108,2,1
1825,2190,33,241.64331,0.13887,2079.19,674.52,0.045,1,1
1825,2190,34,120.10959,0.18138,2155.80,340.30,0.023,1,1
1825,2190,35,159.23309,0.18878,2169.08,447.89,0.028,0,0
2190,2555,0,274.01029,0.33775,2431.41,763.53,0.134,0,0
2190,2555,1,282.98315,0.30495,2374.61,788.20,0.372,0,0
2190,2555,2,199.65052,0.31786,2397.04,559.04,0.024,0,0
2190,2555,3,272.91159,0.21347,2213.23,760.51,0.145,0,0
2190,2555,4,55.54422,0.40742,2549.84,162.75,0.186,0,0
2190,2555,5,68.20969,0.26305,2301.17,197.58,0.782,0,0
2190,2555,6,112.45199,0.22498,2233.75,319.24,0.053,0,0
2190,2555,7,289.71517,0.23477,2251.14,806.72,6.903,0,0
2190,2555,8,281.06245,0.27632,2324.53,782.92,0.453,1,1
2190,2555,9,203.48500,0.30309,2371.35,569.58,0.020,0,0
2190,2555,10,84.21821,0.22384,2231.72,241.60,0.375,2,1
2190,2555,11,20.98899,0.27262,2318.03,67.72,0.063,0,0
2190,2555,12,166.27580,0.30039,2366.66,467.26,0.021,0,0
2190,2555,13,58.05784,0.30980,2383.03,169.66,0.355,0,0
2190,2555,14,137.16764,0.25477,2286.57,387.21,0.039,0,0
2190,2555,15,225.83118,0.20307,2194.67,631.04,0.040,0,0
2190,2555,16,118.75004,0.38475,2511.67,336.56,0.063,0,0
2190,2555,17,211.55205,0.28565,2340.88,591.77,0.019,2,1
2190,2555,18,276.71310,0.27877,2328.84,770.96,0.283,0,0
2190,2555,19,38.78674,0.30291,2371.04,116.66,0.140,0,0
2190,2555,20,329.76426,0.34735,2447.91,916.85,0.087,0,0
2190,2555,21,321.64079,0.26475,2304.17,894.51,0.086,1,1
2190,2555,22,299.20056,0.27084,2314.89,832.80,0.222,3,1
2190,2555,23,64.53659,0.24310,2265.93,187.48,0.558,3,1
2190,2555,24,243.95712,0.31331,2389.13,680.88,0.047,0,0
2190,2555,25,347.84349,0.35822,2466.54,966.57,0.166,0,0
2190,2555,26,298.59430,0.24628,2271.55,831.13,0.329,1,1
2190,2555,27,218.16570,0.36246,2473.78,609.96,0.044,0,0
2190,2555,28,134.70626,0.35035,2453.06,380.44,0.031,0,0
2190,2555,29,15.65102,0.27244,2317.71,53.04,0.103,5,1
2190,2555,30,303.68698,0.31191,2386.71,845.14,0.221,2,1
2190,2555,31,230.24278,0.35671,2463.96,643.17,0.064,0,0
2190,2555,32,131.90128,0.31083,2384.82,372.73,0.022,0,0
2190,2555,33,72.86565,0.40757,2550.09,210.38,0.487,0,0
2190,2555,34,221.81965,0.37526,2495.58,620.00,0.027,0,0
2190,2555,35,150.69899,0.24267,2265.17,424.42,0.027,0,0
2190,2555,36,131.10913,0.24055,2261.40,370.55,0.024,0,0
2190,2555,37,262.68686,0.20835,2204.10,732.39,0.155,0,0
2190,2555,38,355.18736,0.20286,2194.28,986.77,0.077,0,0
2190,2555,39,281.26585,0.39650,2531.49,783.48,0.202,0,0
2555,2920,0,296.19418,0.58660,2836.98,824.53,0.368,0,0
2555,2920,1,15.76936,0.57546,2819.97,53.37,0.058,0,0
2555,2920,2,169.04009,0.51252,2721.68,474.86,0.018,0,0
2555,2920,3,81.68737,0.48843,2683.10,234.64,0.763,0,0
2555,2920,4,299.76415,0.43324,2592.86,834.35,2.014,0,0
2555,2920,5,245.69838,0.43252,2591.67,685.67,0.048,1,1
2555,2920,6,253.85954,0.60427,2863.68,708.11,0.015,0,0
2555,2920,7,169.59463,0.41103,2555.88,476.39,0.018,0,0
2555,2920,8,260.04937,0.41589,2564.01,725.14,0.063,1,1
2555,2920,9,54.83236,0.61244,2875.92,160.79,0.499,0,0
2555,2920,10,130.25254,0.49316,2690.71,368.19,0.054,0,0
2555,2920,11,208.51904,0.50680,2712.57,583.43,0.016,0,0
2555,2920,12,14.98110,0.57545,2819.95,51.20,0.055,0,0
2555,2920,13,52.02871,0.42335,2576.44,153.08,0.187,3,1
2555,2920,14,170.45618,0.53595,2758.71,478.75,0.015,0,0
2555,2920,15,82.87704,0.55366,2786.36,237.91,1.273,0,0
2555,2920,16,343.04378,0.56718,2807.26,953.37,0.098,0,0
2555,2920,17,44.19286,0.41815,2567.78,131.53,0.148,0,0
2555,2920,18,314.84233,0.55021,2780.99,875.82,0.210,0,0
2555,2920,19,111.71652,0.45715,2632.26,317.22,0.082,0,0
2555,2920,20,349.85751,0.59923,2856.10,972.11,0.102,0,0
2555,2920,21,5.01706,0.48344,2675.04,23.80,0.035,0,0
2555,2920,22,209.20198,0.48647,2679.93,585.31,0.014,1,1
2555,2920,23,71.91923,0.52356,2739.19,207.78,1.100,0,0
2555,2920,24,47.18079,0.58799,2839.08,139.75,0.238,0,0
2555,2920,25,238.63112,0.62780,2898.73,666.24,0.028,0,0
2555,2920,26,214.57532,0.44064,2605.11,600.08,0.021,2,1
2555,2920,27,335.88836,0.57930,2825.85,933.69,0.091,0,0
2555,2920,28,168.25738,0.49936,2700.66,472.71,0.024,0,0
2555,2920,29,296.87911,0.45035,2621.10,826.42,3.210,0,0
2555,2920,30,7.61329,0.41344,2559.92,30.94,0.030,1,1
2555,2920,31,205.64375,0.52814,2746.42,575.52,0.016,0,0
2555,2920,32,332.94307,0.50595,2711.20,925.59,0.094,0,0
2555,2920,33,192.98449,0.62358,2892.50,540.71,0.015,0,0
2555,2920,34,185.12023,0.60365,2862.74,519.08,0.014,0,0
2555,2920,35,172.03582,0.61282,2876.49,483.10,0.019,0,0
2555,2920,36,281.74468,0.59579,2850.90,784.80,0.075,0,0
2555,2920,37,275.01242,0.43688,2598.90,766.28,0.165,0,0
2555,2920,38,56.74019,0.57743,2822.99,166.04,0.616,0,0
2555,2920,39,135.48941,0.64154,2918.93,382.60,0.031,0,0
2555,2920,40,4.42897,0.46718,2648.64,22.18,0.034,0,0
2555,2920,41,163.55447,0.42924,2586.24,459.77,0.022,0,0
2555,2920,42,297.14382,0.49742,2697.56,827.15,2.230,0,0
2920,3285,0,157.99624,0.86085,3210.96,444.49,0.006,0,0
2920,3285,1,251.05249,0.73933,3056.51,700.39,0.011,0,0
2920,3285,2,162.13894,0.91747,3276.07,455.88,0.011,0,0
2920,3285,3,127.62935,0.64721,2927.21,360.98,0.036,0,0
2920,3285,4,321.52360,0.77374,3102.19,894.19,0.733,0,0
2920,3285,5,70.06993,0.64591,2925.32,202.69,0.713,0,0
2920,3285,6,245.89762,0.74227,3060.47,686.22,0.012,0,0
2920,3285,7,46.77174,0.77857,3108.48,138.62,0.223,0,0
2920,3285,8,103.79812,0.87617,3229.02,295.44,0.075,0,0
2920,3285,9,31.55397,0.88325,3237.26,96.77,0.178,0,0
2920,3285,10,251.89457,0.64318,2921.33,702.71,0.023,0,0
2920,3285,11,348.90350,0.74065,3058.28,969.48,0.162,0,0
2920,3285,12,98.00696,0.75321,3075.12,279.52,0.154,0,0
2920,3285,13,308.38114,0.71332,3021.01,858.05,4.668,0,0
2920,3285,14,273.06703,0.79390,3128.26,760.93,0.035,0,0
2920,3285,15,8.20939,0.73773,3054.35,32.58,0.077,0,0
2920,3285,16,281.78468,0.74523,3064.44,784.91,0.071,0,0
2920,3285,17,261.71806,0.75760,3080.94,729.72,0.016,0,0
2920,3285,18,290.97053,0.76005,3084.19,810.17,0.111,0,0
2920,3285,19,104.73042,0.78106,3111.71,298.01,0.125,0,0
2920,3285,20,59.25881,0.77617,3105.35,172.96,0.558,0,0
2920,3285,21,180.26683,0.82361,3165.69,505.73,0.019,0,0
2920,3285,22,332.93103,0.64866,2929.32,925.56,0.196,0,0
2920,3285,23,199.87130,0.70124,3004.25,559.65,0.011,0,0
2920,3285,24,289.56993,0.81966,3160.78,806.32,0.080,0,0
2920,3285,25,282.51484,0.64568,2924.98,786.92,0.075,0,0
2920,3285,26,286.85415,0.79841,3134.02,798.85,0.056,0,0
2920,3285,27,148.52576,0.91288,3270.96,418.45,0.008,0,0
2920,3285,28,234.69517,0.78322,3114.50,655.41,0.014,0,0
2920,3285,29,163.40288,0.78481,3116.56,459.36,0.016,0,0
2920,3285,30,37.90011,0.88374,3237.82,114.23,0.249,0,0
2920,3285,31,111.72048,0.66221,2948.93,317.23,0.059,0,0
2920,3285,32,134.50109,0.91735,3275.94,379.88,0.017,0,0
2920,3285,33,231.29398,0.84599,3193.12,646.06,0.017,0,0
2920,3285,34,95.92679,0.68062,2975.24,273.80,0.217,0,0
2920,3285,35,30.41756,0.81180,3150.95,93.65,0.113,0,0
2920,3285,36,286.24134,0.75105,3072.23,797.16,0.060,0,0
2920,3285,37,323.41196,0.77382,3102.29,899.38,0.486,0,0
2920,3285,38,97.39258,0.78488,3116.65,277.83,0.117,0,0
2920,3285,39,53.20201,0.79090,3124.40,156.31,0.395,0,0
2920,3285,40,280.90854,0.67682,2969.84,782.50,0.113,0,0
2920,3285,41,165.07731,0.89473,3250.46,463.96,0.012,0,0
3285,3652,0,278.62418,1.46183,3641.17,776.22,0.067,0,0
3285,3652,1,351.22405,1.51095,3648.73,975.87,0.402,0,0
3285,3652,2,81.80594,0.96364,3325.74,234.97,0.500,0,0
3285,3652,3,168.01956,1.02669,3388.38,472.05,0.009,0,0
3285,3652,4,252.09544,1.28847,3579.73,703.26,0.038,0,0
3285,3652,5,283.29278,1.28720,3579.08,789.06,0.105,0,0
3285,3652,6,50.32692,1.10186,3454.94,148.40,1.165,0,0
3285,3652,7,275.39959,1.07837,3435.11,767.35,0.052,0,0
3285,3652,8,42.48212,1.00119,3363.78,126.83,1.113,0,0
3285,3652,9,30.39996,1.16014,3500.22,93.60,1.232,0,0
3285,3652,10,149.69066,1.43600,3635.44,421.65,0.019,0,0
3285,3652,11,345.08132,1.36193,3612.32,958.97,0.250,0,0
3285,3652,12,29.78280,1.37372,3616.66,91.90,0.357,0,0
3285,3652,13,7.78035,0.95136,3312.84,31.40,0.297,0,0
3285,3652,14,92.14743,0.95985,3321.78,263.41,0.140,0,0
3285,3652,15,320.68530,0.98754,3350.20,891.88,1.299,0,0
3285,3652,16,134.51678,1.02540,3387.16,379.92,0.043,0,0
3285,3652,17,55.18235,1.30020,3585.57,161.75,0.270,0,0
3285,3652,18,70.71648,0.93847,3299.05,204.47,0.918,0,0
3285,3652,19,279.86574,1.18480,3517.68,779.63,0.081,0,0
3285,3652,20,43.85970,1.22155,3541.79,130.61,1.406,0,0
3285,3652,21,182.27878,1.32178,3595.69,511.27,0.061,0,0
3285,3652,22,333.92252,1.32971,3599.21,928.29,0.553,0,0
3285,3652,23,108.34153,1.27248,3571.37,307.94,0.036,0,0
3285,3652,24,8.94942,1.01485,3377.09,34.61,0.443,0,0
3285,3652,25,51.79390,1.49988,3647.41,152.43,0.316,0,0
3285,3652,26,41.57642,1.47237,3643.16,124.34,0.210,0,0
3285,3652,27,19.21750,0.98018,3342.76,62.85,0.525,0,0
3285,3652,28,89.77953,1.16406,3503.07,256.89,0.120,0,0
3285,3652,29,300.04508,0.95815,3320.00,835.12,0.308,0,0
3285,3652,30,138.63222,1.42509,3632.66,391.24,0.026,0,0
3285,3652,31,50.31663,0.93586,3296.22,148.37,1.187,0,0
3285,3652,32,117.89840,1.14497,3488.98,334.22,0.040,0,0
3285,3652,33,341.58885,1.16693,3505.14,949.37,0.978,0,0
3285,3652,34,206.07499,1.03678,3397.83,576.71,0.014,0,0
3285,3652,35,335.24504,0.99296,3355.62,931.92,1.003,0,0
3285,3652,36,157.64545,0.99285,3355.52,443.52,0.004,0,0
3285,3652,37,199.07750,1.32236,3595.96,557.46,0.024,0,0
